-- Up migration
INSERT INTO customers (email, name) VALUES
('lucas.meyer@example.de', 'Lucas Meyer'),
('isabella.fernandez@example.es', 'Isabella Fernández'),
('nathan.brown@example.com', 'Nathan Brown'),
('chiara.bianchi@example.it', 'Chiara Bianchi'),
('leo.durand@example.fr', 'Léo Durand'),
('sofia.ramos@example.mx', 'Sofía Ramos'),
('li.wei@example.cn', 'Li Wei'),
('amelie.leroux@example.fr', 'Amélie Leroux'),
('daniel.kim@example.kr', 'Daniel Kim'),
('emma.johnson@example.com', 'Emma Johnson'),
('hugo.martinez@example.ar', 'Hugo Martínez'),
('mia.schmidt@example.de', 'Mia Schmidt'),
('tarek.hassan@example.eg', 'Tarek Hassan'),
('nina.petrova@example.ru', 'Nina Petrova'),
('kai.tanaka@example.jp', 'Kai Tanaka'),
('lucia.silva@example.br', 'Lucia Silva'),
('ethan.clark@example.com', 'Ethan Clark'),
('ines.moreau@example.fr', 'Inès Moreau'),
('giovanni.conti@example.it', 'Giovanni Conti'),
('ana.garcia@example.es', 'Ana García'),
('noah.wilson@example.com', 'Noah Wilson'),
('julie.dupont@example.fr', 'Julie Dupont'),
('mohamed.ali@example.ma', 'Mohamed Ali'),
('elena.kuznetsova@example.ru', 'Elena Kuznetsova'),
('yuki.sato@example.jp', 'Yuki Sato'),
('pedro.alvarez@example.mx', 'Pedro Álvarez'),
('sara.bernard@example.fr', 'Sara Bernard'),
('andrea.ricci@example.it', 'Andrea Ricci'),
('oliver.evans@example.com', 'Oliver Evans'),
('camila.rodriguez@example.co', 'Camila Rodríguez'),
('felix.fischer@example.de', 'Felix Fischer'),
('marie.leclerc@example.fr', 'Marie Leclerc'),
('david.lee@example.kr', 'David Lee'),
('carla.moreno@example.es', 'Carla Moreno'),
('sebastian.gomez@example.ar', 'Sebastián Gómez'),
('lina.cho@example.kr', 'Lina Cho'),
('thomas.martin@example.fr', 'Thomas Martin'),
('valentina.russo@example.it', 'Valentina Russo'),
('alexandre.morel@example.fr', 'Alexandre Morel'),
('zoe.thompson@example.com', 'Zoe Thompson');